geoid,county,value,count,pop,rate
29189,St. Louis,White,578,682964,0.8463110793541094
29189,St. Louis,Black,796,240312,3.3123605978894104
29189,St. Louis,Asian,25,41601,0.600947092617966
29189,St. Louis,Two or More,69,23642,2.9185348109297014
29510,St. Louis City,White,177,143956,1.2295423601656061
29510,St. Louis City,Black,546,146057,3.7382665671621353
29510,St. Louis City,Asian,18,10096,1.7828843106180667
29510,St. Louis City,Two or More,NA,7054,NA
