geoid,county,value,count,pop,rate
29189,St. Louis,White,527,682964,0.7716365723522762
29189,St. Louis,Black,730,240312,3.037717633742801
29189,St. Louis,Asian,22,41601,0.52883344150381
29189,St. Louis,Two or More,65,23642,2.7493443871076897
29510,St. Louis City,White,162,143956,1.125343855066826
29510,St. Louis City,Black,500,146057,3.4233210321997576
29510,St. Louis City,Asian,18,10096,1.7828843106180667
29510,St. Louis City,Two or More,NA,7054,NA
