geoid,county,value,count,pop,rate
29189,St. Louis,White,602,682964,0.8814520238255603
29189,St. Louis,Black,827,240312,3.441359565897667
29189,St. Louis,Asian,25,41601,0.600947092617966
29189,St. Louis,Two or More,72,23642,3.0454276287962103
29510,St. Louis City,White,184,143956,1.2781683292117036
29510,St. Louis City,Black,574,146057,3.9299725449653216
29510,St. Louis City,Asian,18,10096,1.7828843106180667
29510,St. Louis City,Two or More,NA,7054,NA
