geoid,county,value,count,pop,rate
29189,St. Louis,White,617,682964,0.9034151141202171
29189,St. Louis,Black,851,240312,3.5412297346782515
29189,St. Louis,Asian,25,41601,0.600947092617966
29189,St. Louis,Two or More,75,23642,3.172320446662719
29510,St. Louis City,White,204,143956,1.4170996693434106
29510,St. Louis City,Black,615,146057,4.210684869605702
29510,St. Louis City,Asian,18,10096,1.7828843106180667
29510,St. Louis City,Two or More,NA,7054,NA
