geoid,county,value,count,pop,rate
29189,St. Louis,White,544,682964,0.7965280746862207
29189,St. Louis,Black,760,240312,3.1625553447185326
29189,St. Louis,Asian,22,41601,0.52883344150381
29189,St. Louis,Two or More,66,23642,2.7916419930631924
29510,St. Louis City,White,164,143956,1.1392369890799965
29510,St. Louis City,Black,502,146057,3.4370143163285567
29510,St. Louis City,Asian,17,10096,1.6838351822503963
29510,St. Louis City,Two or More,NA,7054,NA
